{"train/squared_loss":1.1070068744057499e-13,"train/entropy_loss":1.461148738861084,"weight_norm":2.0109500885009766,"repetition":4,"train/recall":1,"train/zero_one_loss":0,"test/entropy_loss":-0.00036400670069269836,"test/zero_one_loss":0.9012,"train/precision":1,"test/f1":0.0628088396814909,"test/precision":0.04850445626554353,"_runtime":54.854418131,"_timestamp":1.737886220467167e+09,"n_features":10000,"train/f1":1,"test/squared_loss":0.10003702342510223,"test/recall":0.09943918204455215,"_wandb":{"runtime":56},"_step":839}