{"test/squared_loss":0.11534435302019119,"train/entropy_loss":1.4611486196517944,"_timestamp":1.7378904511457245e+09,"_wandb":{"runtime":1335},"_step":959,"test/f1":0.15122168758691307,"train/f1":1,"test/entropy_loss":0.09928061068058014,"train/recall":1,"test/zero_one_loss":0.8323,"train/precision":1,"n_features":65536,"train/zero_one_loss":0,"weight_norm":120.02678680419922,"test/recall":0.15968508527337405,"test/precision":0.14615797515209733,"_runtime":1335.636143194,"repetition":4,"train/squared_loss":1.6455753589200012e-13}