{"_runtime":1380.147393221,"test/f1":0.2587984695843277,"train/precision":1,"train/recall":1,"hidden_nodes":150,"_timestamp":1.7377450078231266e+09,"_wandb":{"runtime":1380},"_step":3479,"test/entropy_loss":1.5984386205673218,"train/f1":1,"repetition":4,"train/squared_loss":2.6855417820714008e-16,"test/squared_loss":0.08987633883953094,"train/entropy_loss":1.4611501693725586,"test/precision":0.27153032725839144,"train/zero_one_loss":0,"test/recall":0.32465542554613097,"test/zero_one_loss":0.6659}